{"cameraMode":{"drawMode":0,"name":"Shaded","section":"Shading Mode"},"sceneLighting":true,"audioPlay":false,"sceneViewState":{"m_AlwaysRefresh":false,"showFog":true,"showSkybox":true,"showFlares":true,"showImageEffects":true,"showParticleSystems":true,"showVisualEffectGraphs":true,"m_FxEnabled":true},"in2DMode":false,"pivot":{"x":-0.37506532669067385,"y":0.3160057067871094,"z":-0.07812881469726563},"rotation":{"x":0.3265811502933502,"y":0.30018648505210879,"z":-0.11022268980741501,"w":0.8894284963607788},"size":17.55581283569336,"orthographic":false}